Year,Season,IndiaAreaWeighted_tmin_C,ValidDays
1951,Winter,68.32918065284392,59
1951,PreMonsoon,71.63136947631502,92
1951,Monsoon,72.82706076949526,122
1951,PostMonsoon,70.09455470744435,92
1952,Winter,68.9051494461306,60
1952,PreMonsoon,71.90611059934345,92
1952,Monsoon,72.76495403325687,122
1952,PostMonsoon,69.78328651161492,92
1953,Winter,68.8695082535138,59
1953,PreMonsoon,72.13892093822027,92
1953,Monsoon,72.85014967483215,122
1953,PostMonsoon,69.74683754761395,92
1954,Winter,68.75290134522652,59
1954,PreMonsoon,71.9730656245943,92
1954,Monsoon,72.89109274736929,122
1954,PostMonsoon,69.4971719218763,92
1955,Winter,68.50675390025958,59
1955,PreMonsoon,71.45004344859413,92
1955,Monsoon,72.45996366984005,122
1955,PostMonsoon,69.38526586585458,92
1956,Winter,68.21161073247178,60
1956,PreMonsoon,71.64480802264772,92
1956,Monsoon,72.30376624163092,122
1956,PostMonsoon,69.46441992388806,92
1957,Winter,68.51452699700124,59
1957,PreMonsoon,71.55447167040462,92
1957,Monsoon,72.66474829460779,122
1957,PostMonsoon,69.91185425706708,92
1958,Winter,68.79768191064487,59
1958,PreMonsoon,71.94428334992297,92
1958,Monsoon,72.83691853848923,122
1958,PostMonsoon,70.11005950080157,92
1959,Winter,68.71386975098459,59
1959,PreMonsoon,71.54059820307013,92
1959,Monsoon,72.4476064306846,122
1959,PostMonsoon,69.6538314732058,92
1960,Winter,68.5857514928557,60
1960,PreMonsoon,71.57555580370197,92
1960,Monsoon,72.72951611813278,122
1960,PostMonsoon,69.72697946812046,92
1961,Winter,68.64249233600614,59
1961,PreMonsoon,71.60431115938228,92
1961,Monsoon,72.49476142075973,122
1961,PostMonsoon,69.4693951876082,92
1962,Winter,68.22755048649856,59
1962,PreMonsoon,71.41136500969814,92
1962,Monsoon,72.3871183068059,122
1962,PostMonsoon,69.47569387523649,92
1963,Winter,68.37388550959867,59
1963,PreMonsoon,71.3732739609009,92
1963,Monsoon,72.34582110096645,122
1963,PostMonsoon,69.82203014355628,92
1964,Winter,68.46490035471034,60
1964,PreMonsoon,71.56194452753888,92
1964,Monsoon,72.44363976376785,122
1964,PostMonsoon,69.4735701648551,92
1965,Winter,68.58788280398835,59
1965,PreMonsoon,71.19571544290581,92
1965,Monsoon,72.27279262401788,122
1965,PostMonsoon,69.63148131095393,92
1966,Winter,68.73932152520071,59
1966,PreMonsoon,71.42571431161198,92
1966,Monsoon,72.24876757205163,122
1966,PostMonsoon,69.49128510424977,92
1967,Winter,68.0716846254605,59
1967,PreMonsoon,71.04817518922422,92
1967,Monsoon,72.16228288388425,122
1967,PostMonsoon,69.47239790542774,92
1968,Winter,68.18962897518848,60
1968,PreMonsoon,71.06094495982538,92
1968,Monsoon,72.1378373529581,122
1968,PostMonsoon,69.12857452038057,92
1969,Winter,66.20872242732507,59
1969,PreMonsoon,69.80772333228208,92
1969,Monsoon,70.79118358597273,122
1969,PostMonsoon,67.77469876121695,92
1970,Winter,65.97615579129318,59
1970,PreMonsoon,69.37292778376197,92
1970,Monsoon,70.39286314129339,122
1970,PostMonsoon,66.81687324462398,92
1971,Winter,65.65315511717031,59
1971,PreMonsoon,69.0471807242394,92
1971,Monsoon,70.22505235606926,122
1971,PostMonsoon,67.07136610381029,92
1972,Winter,65.48084326787703,60
1972,PreMonsoon,69.14253931529828,92
1972,Monsoon,70.36457336060244,122
1972,PostMonsoon,67.26691035083704,92
1973,Winter,66.08600269681865,59
1973,PreMonsoon,69.43613815593169,92
1973,Monsoon,70.47926775137645,122
1973,PostMonsoon,67.11524638263239,92
1974,Winter,65.47047639483885,59
1974,PreMonsoon,69.34325942208861,92
1974,Monsoon,70.3290470979859,122
1974,PostMonsoon,66.97949515137489,92
1975,Winter,65.64097156439243,59
1975,PreMonsoon,69.21868275128645,92
1975,Monsoon,70.28751132000623,122
1975,PostMonsoon,66.89719901933637,92
1976,Winter,65.86695215417306,60
1976,PreMonsoon,69.1285885170044,92
1976,Monsoon,70.29104047340113,122
1976,PostMonsoon,67.51289304511276,92
1977,Winter,65.86429239370439,59
1977,PreMonsoon,69.25560938972053,92
1977,Monsoon,70.3417852821574,122
1977,PostMonsoon,67.58171217303138,92
1978,Winter,65.73771626483955,59
1978,PreMonsoon,69.19168010309485,92
1978,Monsoon,70.35799386868607,122
1978,PostMonsoon,67.3973142719514,92
1979,Winter,66.11712496215529,59
1979,PreMonsoon,69.07535937375933,92
1979,Monsoon,70.47632768988386,122
1979,PostMonsoon,67.79994040786904,92
1980,Winter,66.05168196665998,60
1980,PreMonsoon,69.48283477195196,92
1980,Monsoon,70.41313050928969,122
1980,PostMonsoon,67.41408681412798,92
1981,Winter,66.21765459533894,59
1981,PreMonsoon,69.27063546632571,92
1981,Monsoon,70.43324376214143,122
1981,PostMonsoon,67.08448500299761,92
1982,Winter,66.11773363951903,59
1982,PreMonsoon,68.946943988059,92
1982,Monsoon,70.38654275172735,122
1982,PostMonsoon,67.44583423610769,92
1983,Winter,65.71275138864098,59
1983,PreMonsoon,68.94939465972926,92
1983,Monsoon,70.45841201946705,122
1983,PostMonsoon,67.00420675114877,92
1984,Winter,65.96739364600806,60
1984,PreMonsoon,69.64689238264711,92
1984,Monsoon,70.49708709785853,122
1984,PostMonsoon,67.1511922045853,92
1985,Winter,66.2996757529962,59
1985,PreMonsoon,69.72539908546932,92
1985,Monsoon,70.65586735799863,122
1985,PostMonsoon,67.5979678062462,92
1986,Winter,66.07637908239836,59
1986,PreMonsoon,69.27480160013184,92
1986,Monsoon,70.46017384558934,122
1986,PostMonsoon,67.43873537221175,92
1987,Winter,66.40899012246857,59
1987,PreMonsoon,69.270885544372,92
1987,Monsoon,70.70207271797867,122
1987,PostMonsoon,67.52859001403556,92
1988,Winter,66.31393027384316,60
1988,PreMonsoon,69.51086163378046,92
1988,Monsoon,70.55896189680323,122
1988,PostMonsoon,67.28174768305728,92
1989,Winter,65.65350867742141,59
1989,PreMonsoon,69.16318556342746,92
1989,Monsoon,70.35891983248334,122
1989,PostMonsoon,67.28662789996085,92
1990,Winter,67.35073581765377,59
1990,PreMonsoon,69.99345330571732,92
1990,Monsoon,71.20585029492618,122
1990,PostMonsoon,68.31112585466211,92
1991,Winter,66.23320838295173,59
1991,PreMonsoon,69.54230537470144,92
1991,Monsoon,70.67544010344534,122
1991,PostMonsoon,67.4700384818782,92
1992,Winter,65.92137657267997,60
1992,PreMonsoon,69.28106738971846,92
1992,Monsoon,70.56264671026716,122
1992,PostMonsoon,67.3976689177416,92
1993,Winter,66.73324744239754,59
1993,PreMonsoon,69.6725738670153,92
1993,Monsoon,70.95945297639133,122
1993,PostMonsoon,67.8813946414674,92
1994,Winter,66.70792531764182,59
1994,PreMonsoon,69.86837608730252,92
1994,Monsoon,70.89043143902781,122
1994,PostMonsoon,67.73484437419995,92
1995,Winter,67.42719688035898,59
1995,PreMonsoon,70.52586997531567,92
1995,Monsoon,71.79509600571126,122
1995,PostMonsoon,68.8289079964906,92
1996,Winter,67.56629561008607,60
1996,PreMonsoon,70.72120099429394,92
1996,Monsoon,71.61820700747354,122
1996,PostMonsoon,68.51006493114883,92
1997,Winter,66.39153439040813,59
1997,PreMonsoon,69.65335407904927,92
1997,Monsoon,71.08167774695741,122
1997,PostMonsoon,68.32251283233595,92
1998,Winter,66.92607199649467,59
1998,PreMonsoon,70.09989075787999,92
1998,Monsoon,71.30909254650585,122
1998,PostMonsoon,68.31820906956436,92
1999,Winter,68.05656558048867,59
1999,PreMonsoon,71.17918590437623,92
1999,Monsoon,72.14577230422591,122
1999,PostMonsoon,69.23296071453662,92
2000,Winter,66.803608053967,60
2000,PreMonsoon,70.1373047652706,92
2000,Monsoon,71.13864679052763,122
2000,PostMonsoon,68.15608147194025,92
2001,Winter,66.58936461979188,59
2001,PreMonsoon,70.01879041317312,92
2001,Monsoon,71.06590457451333,122
2001,PostMonsoon,68.1967876691083,92
2002,Winter,67.02726164665343,59
2002,PreMonsoon,70.25240911833085,92
2002,Monsoon,71.14101327500893,122
2002,PostMonsoon,68.29202495478764,92
2003,Winter,66.51931464594404,59
2003,PreMonsoon,69.71431477468195,92
2003,Monsoon,70.80770496123684,122
2003,PostMonsoon,67.7002358216639,92
2004,Winter,66.61694506442475,60
2004,PreMonsoon,70.19250700362458,92
2004,Monsoon,70.98688306706062,122
2004,PostMonsoon,67.88868680182189,92
2005,Winter,66.69100740973876,59
2005,PreMonsoon,69.86056322953327,92
2005,Monsoon,71.09416622066898,122
2005,PostMonsoon,67.70433278078555,92
2006,Winter,66.36848278242644,59
2006,PreMonsoon,69.4477636467643,92
2006,Monsoon,70.53663310456824,122
2006,PostMonsoon,67.70903979865838,92
2007,Winter,66.52452748867037,59
2007,PreMonsoon,69.83427709270315,92
2007,Monsoon,70.95542225371555,122
2007,PostMonsoon,67.68625859847485,92
2008,Winter,66.09034037964012,60
2008,PreMonsoon,69.78309929076293,92
2008,Monsoon,70.8614348700925,122
2008,PostMonsoon,68.38727302670134,92
2009,Winter,67.17583859460667,59
2009,PreMonsoon,70.26157631270715,92
2009,Monsoon,71.57529434491516,122
2009,PostMonsoon,68.55437230499737,92
2010,Winter,66.83222824074686,59
2010,PreMonsoon,70.56019706356176,92
2010,Monsoon,71.26180399619889,122
2010,PostMonsoon,68.35200896244147,92
2011,Winter,66.61077693954435,59
2011,PreMonsoon,69.80115706863874,92
2011,Monsoon,71.0073535047483,122
2011,PostMonsoon,67.96841495285635,92
2012,Winter,66.34177945034983,60
2012,PreMonsoon,69.80438635577634,92
2012,Monsoon,71.10000591285443,122
2012,PostMonsoon,67.73559205665393,92
2013,Winter,66.49442213696383,59
2013,PreMonsoon,69.89801620672078,92
2013,Monsoon,70.97296186132465,122
2013,PostMonsoon,68.18042704069907,92
2014,Winter,66.53790460064504,59
2014,PreMonsoon,69.64937228430091,92
2014,Monsoon,71.0772402544794,122
2014,PostMonsoon,67.91155977471105,92
2015,Winter,66.67268499081491,59
2015,PreMonsoon,69.85280684664367,92
2015,Monsoon,71.05648448882341,122
2015,PostMonsoon,68.22432219067801,92
2016,Winter,66.93459608747212,60
2016,PreMonsoon,70.21000261372993,92
2016,Monsoon,71.07458360491022,122
2016,PostMonsoon,67.91209500411304,92
2017,Winter,66.69040892997715,59
2017,PreMonsoon,69.98675059672264,92
2017,Monsoon,71.05583422467402,122
2017,PostMonsoon,68.06670656320084,92
2018,Winter,66.53385666740749,59
2018,PreMonsoon,69.99698543137718,92
2018,Monsoon,71.03050390917923,122
2018,PostMonsoon,67.88062169044109,92
2019,Winter,66.40144253406196,59
2019,PreMonsoon,69.86860244958095,92
2019,Monsoon,71.17800211707954,122
2019,PostMonsoon,68.28374250004909,92
2020,Winter,66.61904664705531,60
2020,PreMonsoon,69.76545990433802,92
2020,Monsoon,71.10089129750085,122
2020,PostMonsoon,68.00966642505381,92
2021,Winter,66.87707318431374,59
2021,PreMonsoon,69.83480930298528,92
2021,Monsoon,71.07332191811962,122
2021,PostMonsoon,68.15660772654614,92
2022,Winter,66.59876089351488,59
2022,PreMonsoon,70.21176679680052,92
2022,Monsoon,71.0631590399935,122
2022,PostMonsoon,67.9958907921414,92
2023,Winter,66.64969790181462,59
2023,PreMonsoon,69.61081745629588,92
2023,Monsoon,71.16235490662437,122
2023,PostMonsoon,68.31976437890349,92
2024,Winter,66.8903611740672,60
2024,PreMonsoon,70.11555542132326,92
2024,Monsoon,71.25220208364067,122
2024,PostMonsoon,68.37335495567076,92
