Year,Season,IndiaAreaWeighted_tmax_C,ValidDays
1951,Winter,73.58325512995509,59
1951,PreMonsoon,76.39130960080202,92
1951,Monsoon,75.91509633425422,122
1951,PostMonsoon,74.71738610434899,92
1952,Winter,74.03292824735486,60
1952,PreMonsoon,76.5649617322607,92
1952,Monsoon,75.6913382485844,122
1952,PostMonsoon,74.60964555611808,92
1953,Winter,73.73762499611104,59
1953,PreMonsoon,76.70610444396505,92
1953,Monsoon,75.5913155780054,122
1953,PostMonsoon,74.61570839669137,92
1954,Winter,73.5878317784531,59
1954,PreMonsoon,76.58813567020985,92
1954,Monsoon,75.60228442677301,122
1954,PostMonsoon,74.24794984755384,92
1955,Winter,73.38636136368721,59
1955,PreMonsoon,76.37907510198174,92
1955,Monsoon,75.33760822674515,122
1955,PostMonsoon,73.86000129757267,92
1956,Winter,73.34442677111464,60
1956,PreMonsoon,76.44470038933375,92
1956,Monsoon,75.07831531943442,122
1956,PostMonsoon,73.67643109271216,92
1957,Winter,73.25908587047478,59
1957,PreMonsoon,76.25093047671513,92
1957,Monsoon,75.68192698075012,122
1957,PostMonsoon,74.48990851737159,92
1958,Winter,73.81346564378235,59
1958,PreMonsoon,76.74333296022124,92
1958,Monsoon,75.74931272749757,122
1958,PostMonsoon,74.28158310753889,92
1959,Winter,73.38102549005518,59
1959,PreMonsoon,76.49367373156186,92
1959,Monsoon,75.28131311419291,122
1959,PostMonsoon,74.08201992124859,92
1960,Winter,73.87280455294896,60
1960,PreMonsoon,76.47148767431852,92
1960,Monsoon,75.71368778715248,122
1960,PostMonsoon,74.47834434315203,92
1961,Winter,73.34128928252171,59
1961,PreMonsoon,76.53527476843676,92
1961,Monsoon,75.27025507530824,122
1961,PostMonsoon,73.85105917369535,92
1962,Winter,73.28512763592431,59
1962,PreMonsoon,76.28367947201411,92
1962,Monsoon,75.42814976832518,122
1962,PostMonsoon,74.10545372523197,92
1963,Winter,73.73005269243848,59
1963,PreMonsoon,76.22180030384368,92
1963,Monsoon,75.41679203981921,122
1963,PostMonsoon,74.20329006412194,92
1964,Winter,73.61002491406936,60
1964,PreMonsoon,76.64742434788418,92
1964,Monsoon,75.49213493947683,122
1964,PostMonsoon,74.31119674818277,92
1965,Winter,73.67890022895925,59
1965,PreMonsoon,76.15704501781426,92
1965,Monsoon,75.6797686408716,122
1965,PostMonsoon,74.5628783525717,92
1966,Winter,73.96648833846805,59
1966,PreMonsoon,76.61621194803152,92
1966,Monsoon,75.56475375188235,122
1966,PostMonsoon,74.3474612958199,92
1967,Winter,73.63094348358365,59
1967,PreMonsoon,76.05215011039896,92
1967,Monsoon,75.3390775631658,122
1967,PostMonsoon,74.06556496852771,92
1968,Winter,72.96897390726755,60
1968,PreMonsoon,76.14185426577333,92
1968,Monsoon,75.43529245711224,122
1968,PostMonsoon,74.09114524197263,92
1969,Winter,71.88792155286518,59
1969,PreMonsoon,75.14358390580564,92
1969,Monsoon,74.14127591881532,122
1969,PostMonsoon,72.77178738267168,92
1970,Winter,71.21002249294125,59
1970,PreMonsoon,74.61733563531428,92
1970,Monsoon,73.58306958297152,122
1970,PostMonsoon,72.28188110021358,92
1971,Winter,71.18658362800966,59
1971,PreMonsoon,74.31660230120163,92
1971,Monsoon,73.43317505338617,122
1971,PostMonsoon,72.18921053262962,92
1972,Winter,71.043222157101,60
1972,PreMonsoon,74.55800861704985,92
1972,Monsoon,74.0035009271346,122
1972,PostMonsoon,72.31862825777735,92
1973,Winter,71.47566784204172,59
1973,PreMonsoon,74.8640012724334,92
1973,Monsoon,73.64542758175361,122
1973,PostMonsoon,72.00528794081332,92
1974,Winter,71.17398574900297,59
1974,PreMonsoon,74.71074747304678,92
1974,Monsoon,73.8813763229946,122
1974,PostMonsoon,72.15218778497736,92
1975,Winter,70.94334880693391,59
1975,PreMonsoon,74.6419924675984,92
1975,Monsoon,73.50371768320957,122
1975,PostMonsoon,72.04589012539348,92
1976,Winter,71.24018930323636,60
1976,PreMonsoon,74.43691927907352,92
1976,Monsoon,73.6600660239124,122
1976,PostMonsoon,72.55960792499525,92
1977,Winter,71.44132439739893,59
1977,PreMonsoon,74.45067964064383,92
1977,Monsoon,73.59006589395287,122
1977,PostMonsoon,72.38900542395238,92
1978,Winter,70.94406416003513,59
1978,PreMonsoon,74.43735805744798,92
1978,Monsoon,73.54370752169636,122
1978,PostMonsoon,72.31599701519757,92
1979,Winter,71.1918940752937,59
1979,PreMonsoon,74.51171931659196,92
1979,Monsoon,74.12113660371091,122
1979,PostMonsoon,72.46560755263208,92
1980,Winter,71.43774521016331,60
1980,PreMonsoon,74.76431976608676,92
1980,Monsoon,73.6911487758462,122
1980,PostMonsoon,72.45174635189531,92
1981,Winter,71.38609403582284,59
1981,PreMonsoon,74.387962739959,92
1981,Monsoon,73.83210198340507,122
1981,PostMonsoon,72.16696339265818,92
1982,Winter,71.09510151683801,59
1982,PreMonsoon,73.99747689355408,92
1982,Monsoon,73.96294276070614,122
1982,PostMonsoon,72.31021027931094,92
1983,Winter,71.0055054037475,59
1983,PreMonsoon,74.08165463585358,92
1983,Monsoon,73.85372494119028,122
1983,PostMonsoon,72.10100013742458,92
1984,Winter,70.9916451000958,60
1984,PreMonsoon,75.04800285934259,92
1984,Monsoon,73.75830571539336,122
1984,PostMonsoon,72.5128634963187,92
1985,Winter,71.69406885651344,59
1985,PreMonsoon,75.16827603560502,92
1985,Monsoon,73.99679500092977,122
1985,PostMonsoon,72.57472659239836,92
1986,Winter,71.2221368785498,59
1986,PreMonsoon,74.58857363867493,92
1986,Monsoon,73.95217193903144,122
1986,PostMonsoon,72.39673855510901,92
1987,Winter,71.78802444322439,59
1987,PreMonsoon,74.49219195790236,92
1987,Monsoon,74.41830444173709,122
1987,PostMonsoon,72.57780516021748,92
1988,Winter,71.76302158887529,60
1988,PreMonsoon,74.78250817705143,92
1988,Monsoon,73.81832529448313,122
1988,PostMonsoon,72.50786343572906,92
1989,Winter,71.32496000479006,59
1989,PreMonsoon,74.57586048177129,92
1989,Monsoon,73.72918440547416,122
1989,PostMonsoon,72.41508949835477,92
1990,Winter,72.56304800348667,59
1990,PreMonsoon,74.88260248789113,92
1990,Monsoon,74.29749505727592,122
1990,PostMonsoon,73.10383754092379,92
1991,Winter,71.56764218297064,59
1991,PreMonsoon,74.73788239870053,92
1991,Monsoon,74.06615420671311,122
1991,PostMonsoon,72.57786962177086,92
1992,Winter,71.25241503119861,60
1992,PreMonsoon,74.66615656641339,92
1992,Monsoon,74.08160719869642,122
1992,PostMonsoon,72.48881599011169,92
1993,Winter,72.19248151014915,59
1993,PreMonsoon,74.93117699709555,92
1993,Monsoon,74.34737857882693,122
1993,PostMonsoon,72.93984569693767,92
1994,Winter,71.81023346019833,59
1994,PreMonsoon,75.1510124830869,92
1994,Monsoon,74.09121802912618,122
1994,PostMonsoon,72.81135639867281,92
1995,Winter,72.3451270427438,59
1995,PreMonsoon,75.53259889814812,92
1995,Monsoon,75.0882863396877,122
1995,PostMonsoon,73.6148783923211,92
1996,Winter,72.63072346584872,60
1996,PreMonsoon,75.88175312599974,92
1996,Monsoon,74.76709686559613,122
1996,PostMonsoon,73.51513046268069,92
1997,Winter,71.81551656021817,59
1997,PreMonsoon,74.75810026147474,92
1997,Monsoon,74.36088282124798,122
1997,PostMonsoon,72.39777195502371,92
1998,Winter,71.72922082255965,59
1998,PreMonsoon,75.09069176396062,92
1998,Monsoon,74.4748466391666,122
1998,PostMonsoon,72.97707906373334,92
1999,Winter,73.07895904108913,59
1999,PreMonsoon,76.36409783647841,92
1999,Monsoon,75.20450147596323,122
1999,PostMonsoon,74.01434294846284,92
2000,Winter,71.88483377473274,60
2000,PreMonsoon,75.29628833820944,92
2000,Monsoon,74.3362915251008,122
2000,PostMonsoon,73.43488584023248,92
2001,Winter,72.18442043208402,59
2001,PreMonsoon,75.12957792896985,92
2001,Monsoon,74.25214913266312,122
2001,PostMonsoon,73.11352857017441,92
2002,Winter,72.13733084143668,59
2002,PreMonsoon,75.36074672618578,92
2002,Monsoon,74.52797722005515,122
2002,PostMonsoon,73.35588706015723,92
2003,Winter,71.51389388090973,59
2003,PreMonsoon,74.87343337256677,92
2003,Monsoon,74.07032440044259,122
2003,PostMonsoon,72.56615148466821,92
2004,Winter,71.83503385238849,60
2004,PreMonsoon,75.41749913306751,92
2004,Monsoon,74.3718178538054,122
2004,PostMonsoon,72.87874885512674,92
2005,Winter,71.69402865698012,59
2005,PreMonsoon,75.04901482392091,92
2005,Monsoon,74.4960721102714,122
2005,PostMonsoon,72.83706067409628,92
2006,Winter,72.16453210692796,59
2006,PreMonsoon,74.62114095618774,92
2006,Monsoon,73.87535431901934,122
2006,PostMonsoon,72.52776181177849,92
2007,Winter,71.82605992194173,59
2007,PreMonsoon,75.00088181605342,92
2007,Monsoon,74.13606468231885,122
2007,PostMonsoon,72.85351060760784,92
2008,Winter,71.44693628397513,60
2008,PreMonsoon,75.03162045384752,92
2008,Monsoon,74.05043614219083,122
2008,PostMonsoon,73.34815066453622,92
2009,Winter,72.59295129564343,59
2009,PreMonsoon,75.58553137164073,92
2009,Monsoon,75.04598130414203,122
2009,PostMonsoon,73.29280785512364,92
2010,Winter,72.1288392271352,59
2010,PreMonsoon,75.905770673767,92
2010,Monsoon,74.60550236311836,122
2010,PostMonsoon,72.93417321156942,92
2011,Winter,72.0148392660584,59
2011,PreMonsoon,75.14435077049477,92
2011,Monsoon,74.23930642870049,122
2011,PostMonsoon,73.10030732529297,92
2012,Winter,71.67862237584403,60
2012,PreMonsoon,75.2410910313355,92
2012,Monsoon,74.45787340367983,122
2012,PostMonsoon,72.8552157890575,92
2013,Winter,71.81660120112366,59
2013,PreMonsoon,75.27333210153952,92
2013,Monsoon,74.15182171488304,122
2013,PostMonsoon,72.95497038876476,92
2014,Winter,71.47201528931605,59
2014,PreMonsoon,74.94110367685894,92
2014,Monsoon,74.59556434191718,122
2014,PostMonsoon,72.87534100462659,92
2015,Winter,71.8463641016671,59
2015,PreMonsoon,74.90854523158514,92
2015,Monsoon,74.5086207298791,122
2015,PostMonsoon,73.17858480715738,92
2016,Winter,72.35037483589166,60
2016,PreMonsoon,75.45015305740169,92
2016,Monsoon,74.35263567449914,122
2016,PostMonsoon,73.19633290350038,92
2017,Winter,72.15881896796522,59
2017,PreMonsoon,75.31040325267783,92
2017,Monsoon,74.37041491526912,122
2017,PostMonsoon,73.04776977735557,92
2018,Winter,72.16547691799738,59
2018,PreMonsoon,75.36589462771566,92
2018,Monsoon,74.44720372233007,122
2018,PostMonsoon,73.18834462343472,92
2019,Winter,71.75845778540148,59
2019,PreMonsoon,75.20080051021567,92
2019,Monsoon,74.49499542423325,122
2019,PostMonsoon,72.58426386549287,92
2020,Winter,71.54352047154295,60
2020,PreMonsoon,74.8780340273524,92
2020,Monsoon,74.35058010082018,122
2020,PostMonsoon,72.89114950836098,92
2021,Winter,72.08533690935249,59
2021,PreMonsoon,75.05519255934544,92
2021,Monsoon,74.27918810051979,122
2021,PostMonsoon,72.73186676319304,92
2022,Winter,71.46040542521165,59
2022,PreMonsoon,75.46368507921463,92
2022,Monsoon,74.34609870415707,122
2022,PostMonsoon,72.87342377745537,92
2023,Winter,72.09989440207167,59
2023,PreMonsoon,74.69201670815787,92
2023,Monsoon,74.46494734173763,122
2023,PostMonsoon,72.99494938189333,92
2024,Winter,71.72697080442286,60
2024,PreMonsoon,75.22280178894687,92
2024,Monsoon,74.42030246253819,122
2024,PostMonsoon,72.95644023098782,92
